City_ID,City,Lat,Lng,Max Temp,Humidity,Cloudiness,Wind Speed,Country,Date
0,vila do maio,15.1333,-23.2167,81.39,86,0,13.91,CV,1713243994
1,smithers,54.7804,-127.1743,39.52,60,100,4.61,CA,1713243994
2,grytviken,-54.2811,-36.5092,33.49,81,14,12.64,GS,1713243733
3,port-aux-francais,-49.35,70.2167,39.02,64,92,34.34,TF,1713243994
4,wailua homesteads,22.0669,-159.378,75.63,77,75,9.22,US,1713243994
5,adamstown,-25.066,-130.1015,71.96,67,70,22.03,PN,1713243994
6,bredasdorp,-34.5322,20.0403,62.04,93,83,4.74,ZA,1713243994
7,zharkent,44.1628,80.0,61.45,61,100,12.12,KZ,1713243841
8,olonkinbyen,70.9221,-8.7187,25.93,72,51,13.49,SJ,1713243737
9,longyearbyen,78.2186,15.6401,8.44,85,75,9.22,SJ,1713243994
10,stone,52.9059,-2.1541,46.15,59,51,15.37,GB,1713243995
11,vila franca do campo,37.7167,-25.4333,64.89,99,100,14.61,PT,1713243995
12,hithadhoo,-0.6,73.0833,83.95,76,100,12.35,MV,1713243712
13,yerofey pavlovich,53.9667,121.9667,48.97,48,2,5.61,RU,1713243995
14,jamestown,42.097,-79.2353,46.04,73,0,3.44,US,1713243820
15,negara,-8.3151,114.6025,83.43,83,70,10.04,ID,1713243886
16,talnakh,69.4865,88.3972,-2.79,90,98,7.87,RU,1713243995
17,albany,42.6001,-73.9662,46.06,69,1,1.01,US,1713243919
18,hamilton,39.1834,-84.5333,66.83,69,20,5.75,US,1713243995
19,bukama,-9.2,25.85,70.21,95,100,1.41,CD,1713243995
20,nemuro,43.3236,145.575,45.81,90,29,14.52,JP,1713243910
21,myrtle beach,33.6891,-78.8867,69.84,73,0,4.61,US,1713243849
22,severnoye,56.3491,78.3619,28.98,82,11,4.0,RU,1713243995
23,college,64.8569,-147.8028,34.2,39,88,3.94,US,1713243750
24,meadow lakes,61.6247,-149.6011,43.52,42,0,0.0,US,1713243996
25,anadyr,64.75,177.4833,7.3,71,12,24.61,RU,1713243739
26,ilulissat,69.2167,-51.1,12.22,62,3,3.44,GL,1713243735
27,bikenibeu village,1.3673,173.1241,85.96,74,75,4.61,KI,1713243996
28,sisimiut,66.9395,-53.6735,20.43,55,82,9.78,GL,1713243996
29,hami,42.8,93.45,78.8,8,50,2.89,CN,1713243996
30,keflavik,64.0049,-22.5624,30.11,80,40,11.5,IS,1713243996
31,bethel,41.3712,-73.414,55.65,49,0,1.99,US,1713243730
32,stanley,54.868,-1.6985,44.28,78,75,16.11,GB,1713243748
33,siocon,7.7061,122.1353,88.36,66,51,8.99,PH,1713243996
34,puerto ayora,-0.7393,-90.3518,76.01,89,80,6.13,EC,1713243731
35,labuan,5.2767,115.2417,91.76,62,20,3.44,MY,1713243996
36,tsiroanomandidy,-18.7667,46.0333,71.62,78,100,6.31,MG,1713243996
37,badger,64.8,-147.5333,43.05,42,40,5.75,US,1713243997
38,arraial do cabo,-22.9661,-42.0278,76.55,84,78,21.25,BR,1713243997
39,fort mcmurray,56.7268,-111.381,38.79,93,100,4.61,CA,1713243997
40,chegdomyn,51.1167,133.0167,47.43,95,100,1.79,RU,1713243985
41,wad az zaki,14.4619,32.2065,79.54,14,65,13.56,SD,1713243997
42,ancud,-41.8697,-73.8203,54.9,89,100,11.01,CL,1713243756
43,thompson,55.7435,-97.8558,35.76,64,40,4.61,CA,1713243997
44,la libertad,-2.2333,-80.9,74.79,82,95,5.61,EC,1713243997
45,kabansk,52.0486,106.6528,52.56,52,64,9.48,RU,1713243997
46,isafjordur,66.0755,-23.124,22.73,88,98,4.59,IS,1713243997
47,ust-nera,64.5667,143.2,21.15,74,70,2.77,RU,1713243732
48,lerwick,60.1545,-1.1494,39.2,73,84,23.82,GB,1713243775
49,tolanaro,-25.0319,46.9987,69.87,94,75,13.8,MG,1713243998
50,lihue,21.9789,-159.3672,76.24,73,26,3.06,US,1713243734
51,udachny,66.4167,112.4,30.45,98,100,2.64,RU,1713243772
52,ponoka,52.6768,-113.5815,42.78,80,100,7.72,CA,1713243727
53,grande prairie,55.1667,-118.8027,32.18,80,40,11.5,CA,1713243998
54,newman,37.3138,-121.0208,57.29,85,5,3.0,US,1713243998
55,constantia,44.1833,28.65,65.08,63,58,8.77,RO,1713243704
56,cabedelo,-6.9811,-34.8339,77.67,87,63,8.43,BR,1713243741
57,monrovia,6.3005,-10.7969,81.05,91,19,2.62,LR,1713243778
58,tshela,-4.9833,12.9333,74.39,99,85,1.39,CD,1713243998
59,rabaul,-4.1967,152.1721,84.61,73,46,2.75,PG,1713243998
60,uturoa,-16.7333,-151.4333,82.29,76,73,18.19,PF,1713243999
61,invercargill,-46.4,168.35,52.02,93,96,3.0,NZ,1713243732
62,ushuaia,-54.8,-68.3,49.66,76,0,5.75,AR,1713243912
63,mpanda,-6.3655,31.0409,65.66,96,89,1.14,TZ,1713243999
64,whitehorse,60.7161,-135.0538,36.37,35,0,6.91,CA,1713243999
65,lae,-6.7221,146.9847,83.21,66,100,10.02,PG,1713243999
66,palmares do sul,-30.2578,-50.5097,72.82,96,100,9.98,BR,1713243999
67,okhotsk,59.3833,143.3,27.61,94,100,15.05,RU,1713243999
68,palu,-0.8917,119.8707,88.88,68,96,4.54,ID,1713243858
69,nuku'alofa,-21.1333,-175.2,80.94,83,40,9.22,TO,1713243999
70,iqaluit,63.7506,-68.5145,13.73,67,0,6.91,CA,1713243999
71,puerto natales,-51.7236,-72.4875,45.19,88,99,2.42,CL,1713243731
72,tura,25.5198,90.2201,96.87,27,30,8.19,IN,1713243771
73,porto novo,6.4965,2.6036,85.82,81,98,5.03,BJ,1713243751
74,waitangi,-43.9535,-176.5597,52.83,78,97,1.01,NZ,1713243730
75,isangel,-19.55,169.2667,84.31,61,75,6.91,VU,1713244000
76,yarmouth,41.7057,-70.2286,52.27,82,100,5.75,US,1713244000
77,atherton,53.5237,-2.4935,47.75,84,33,4.0,GB,1713243929
78,pervomayskiy,53.2485,40.2871,46.31,66,76,12.01,RU,1713244000
79,blackmans bay,-43.0167,147.3167,59.74,57,95,1.01,AU,1713243731
80,hawaiian paradise park,19.5933,-154.9731,74.71,92,100,8.05,US,1713244000
81,edinburgh of the seven seas,-37.0676,-12.3116,60.17,75,100,27.31,SH,1713244000
82,port mathurin,-19.6833,63.4167,80.51,76,54,14.32,MU,1713243741
83,saskatoon,52.1168,-106.6345,52.16,47,100,19.57,CA,1713243827
84,enewetak,11.3474,162.3373,81.73,79,30,16.22,MH,1713244000
85,cabo san lucas,22.8909,-109.9124,74.75,66,100,11.21,MX,1713243910
86,howrah,22.5892,88.3103,96.8,52,3,5.75,IN,1713243924
87,sainte-marie,-20.8968,55.5496,80.73,85,75,13.8,RE,1713244001
88,holualoa,19.6228,-155.9522,71.44,91,100,0.0,US,1713244001
89,sibolga,1.7427,98.7792,87.57,67,98,4.47,ID,1713243861
90,chelak,39.9203,66.8611,56.16,76,59,1.68,UZ,1713244001
91,tadine,-21.55,167.8833,76.26,63,0,15.61,NC,1713243768
92,ketchikan,55.3422,-131.6461,46.38,61,0,4.61,US,1713244001
93,arar,30.9753,41.0381,60.82,67,0,4.61,SA,1713243737
94,viedma,-40.8135,-62.9967,62.37,99,100,5.79,AR,1713244001
95,vila velha,-20.3297,-40.2925,72.95,96,99,7.07,BR,1713244001
96,kruisfontein,-34.0033,24.7314,62.89,97,21,4.72,ZA,1713244001
97,langsa,4.4683,97.9683,96.21,44,64,3.91,ID,1713243854
98,fale old settlement,-9.3852,-171.2468,82.33,78,100,5.01,TK,1713244001
99,san patricio,28.017,-97.5169,75.29,86,100,16.75,US,1713243746
100,iskateley,67.6803,53.1512,18.01,95,100,15.99,RU,1713243736
101,mount gambier,-37.8333,140.7667,63.43,51,75,7.92,AU,1713243739
102,leamington,42.0549,-82.6062,49.87,41,0,1.99,CA,1713244002
103,crane,31.3974,-102.3501,73.81,8,24,12.28,US,1713244002
104,yellowknife,62.456,-114.3525,29.41,80,83,3.0,CA,1713244002
105,malango,-2.9627,119.9001,76.14,77,100,2.15,ID,1713244002
106,plettenberg bay,-34.0527,23.3716,62.28,87,0,4.18,ZA,1713244002
107,buala,-8.145,159.5921,80.67,86,100,8.7,SB,1713244002
108,bilibino,68.0546,166.4372,5.13,78,100,3.36,RU,1713244002
109,port lincoln,-34.7333,135.8667,64.9,60,2,9.89,AU,1713244002
110,susuman,62.7833,148.1667,13.98,65,95,3.0,RU,1713244002
111,lazaro cardenas,17.9583,-102.2,74.46,85,91,2.59,MX,1713244002
112,yanta,36.2411,115.6672,77.07,17,56,7.05,CN,1713244003
113,la'ie,21.6477,-157.9253,76.44,73,0,1.01,US,1713244003
114,kapuskasing,49.4169,-82.4331,35.69,64,100,8.05,CA,1713243750
115,coquimbo,-29.9533,-71.3436,60.31,80,0,5.53,CL,1713244003
116,atafu village,-8.5421,-172.5159,80.33,85,100,8.23,TK,1713243745
117,pourham,14.35,-16.4167,78.46,11,0,10.71,SN,1713244003
118,nova sintra,14.8667,-24.7167,72.97,85,28,16.58,CV,1713244003
119,arkhangel'sk,64.5401,40.5433,37.13,100,75,11.18,RU,1713244003
120,west island,-12.1568,96.8225,85.98,79,40,19.57,CC,1713243746
121,devils lake,48.1128,-98.8651,46.38,63,100,23.02,US,1713243836
122,dudinka,69.4058,86.1778,-2.33,94,100,8.99,RU,1713243908
123,broome,42.2506,-75.833,48.58,73,0,5.75,US,1713244003
124,odacho-oda,35.1833,132.5,70.57,88,13,9.08,JP,1713243920
125,tosontsengel,48.7567,98.2839,52.52,29,1,10.22,MN,1713243781
126,hermanus,-34.4187,19.2345,61.81,91,27,8.79,ZA,1713243934
127,afaahiti,-17.75,-149.2833,82.27,83,100,18.39,PF,1713244004
128,tiksi,71.6872,128.8694,29.05,80,100,15.61,RU,1713244004
129,mount isa,-20.7333,139.5,91.17,31,20,8.05,AU,1713244004
130,dalbandin,28.8947,64.4101,72.12,26,100,11.36,PK,1713243946
131,port saint john's,-31.6229,29.5448,69.57,91,96,12.21,ZA,1713244004
132,finote selam,10.7,37.2667,74.34,22,88,1.48,ET,1713244004
133,saldanha,-33.0117,17.9442,60.87,75,0,2.08,ZA,1713244004
134,haiku-pauwela,20.9219,-156.3051,74.05,81,20,5.99,US,1713244004
135,talara,-4.5772,-81.2719,73.71,72,87,13.11,PE,1713243928
136,burley,42.5357,-113.7928,49.19,54,0,18.41,US,1713244004
137,lubao,14.9167,120.55,98.31,32,1,9.57,PH,1713244005
138,katsuura,35.1333,140.3,64.54,75,100,18.66,JP,1713243909
139,avarua,-21.2078,-159.775,78.85,73,20,6.91,CK,1713244005
140,puerto aysen,-45.4,-72.7,52.68,95,100,4.63,CL,1713243809
141,bubaque,11.2833,-15.8333,76.3,74,1,9.17,GW,1713244005
142,ouesso,1.6136,16.0517,71.22,98,44,2.59,CG,1713244005
143,punta arenas,-53.15,-70.9167,46.51,87,40,6.91,CL,1713243747
144,papatowai,-46.5619,169.4708,49.32,92,98,4.07,NZ,1713243738
145,imperatriz,-5.5264,-47.4917,74.17,98,33,2.06,BR,1713244005
146,mandera,3.9366,41.867,81.97,67,63,14.61,KE,1713243739
147,antsiranana,-12.2787,49.2917,79.56,73,40,11.5,MG,1713243757
148,karonga,-9.9333,33.9333,73.96,81,63,5.68,MW,1713244005
149,luena,-11.7833,19.9167,64.38,95,82,3.42,AO,1713244005
150,port pirie,-33.1833,138.0167,73.02,42,0,15.57,AU,1713243765
151,enoch,37.7733,-113.0244,38.48,86,0,5.75,US,1713244006
152,padang,-0.9492,100.3543,89.65,83,54,3.89,ID,1713243940
153,carnarvon,-24.8667,113.6333,83.37,41,97,11.05,AU,1713244006
154,sur,22.5667,59.5289,81.66,67,98,11.95,OM,1713243861
155,hanceville,34.0607,-86.7675,63.52,78,89,2.53,US,1713243955
156,qamdo,31.1667,97.2333,50.11,28,32,4.72,CN,1713244006
157,san antonio de pale,-1.4014,5.6325,81.5,82,100,10.33,GQ,1713244006
158,slavyanka,42.8633,131.3847,42.39,98,100,4.92,RU,1713244006
159,ola,59.5833,151.2833,26.15,81,100,2.37,RU,1713243744
160,xining,36.6167,101.7667,62.11,21,100,2.13,CN,1713243855
161,coahuayana de hidalgo,18.7,-103.6583,72.57,81,92,2.66,MX,1713244006
162,qaqortoq,60.7167,-46.0333,32.41,99,100,5.28,GL,1713244006
163,majie,25.0333,102.6361,77.49,22,2,16.84,CN,1713244006
164,karpinsk,59.7654,60.0085,37.08,93,100,8.19,RU,1713243893
165,san juan de miraflores,-12.1629,-76.9635,70.18,81,89,5.75,PE,1713244007
166,puerto armuelles,8.2833,-82.8667,85.08,52,23,1.01,PA,1713243753
167,luderitz,-26.6481,15.1594,56.44,74,0,5.53,NA,1713243781
168,new norfolk,-42.7826,147.0587,60.93,54,100,2.93,AU,1713244007
169,vizinga,61.0749,50.1031,37.24,96,100,12.55,RU,1713244007
170,likiep,9.8251,169.3107,81.19,82,27,17.96,MH,1713244007
171,balabac,7.9868,117.0645,87.42,64,17,13.11,PH,1713244007
172,alice springs,-23.7,133.8833,80.15,17,2,14.97,AU,1713243757
173,tomohon,1.3346,124.8392,85.14,54,25,3.76,ID,1713243865
174,kodiak,57.79,-152.4072,36.66,73,32,14.36,US,1713243769
175,usinsk,65.9939,57.5281,28.08,93,90,5.99,RU,1713244007
176,mirnyy,62.5353,113.9611,33.24,100,100,5.01,RU,1713243910
177,battenberg,51.0167,8.65,39.61,84,83,14.79,DE,1713244008
178,campo gallo,-26.5833,-62.85,57.43,83,0,3.74,AR,1713244008
179,bandarbeyla,9.4942,50.8122,84.27,67,89,10.87,SO,1713244008
180,kargasok,59.0556,80.8572,27.97,61,8,4.0,RU,1713244008
181,yreka,41.7354,-122.6345,47.3,74,0,11.5,US,1713244008
182,lichinga,-13.3128,35.2406,59.18,90,100,6.82,MZ,1713244008
183,galeana,24.8333,-100.0667,75.07,24,99,8.08,MX,1713244008
184,ponta delgada,37.7333,-25.6667,65.19,94,75,14.97,PT,1713244008
185,pisco,-13.7,-76.2167,67.01,88,9,2.3,PE,1713243771
186,port moresby,-9.4431,147.1797,83.93,77,96,6.49,PG,1713244008
187,siwa oasis,29.2041,25.5195,70.54,44,99,10.54,EG,1713244008
188,vilyuchinsk,52.9306,158.4028,39.47,97,100,4.83,RU,1713243747
189,berdigestyakh,62.0989,126.6992,31.06,85,99,7.9,RU,1713244008
190,kavaratti,10.5669,72.642,85.12,73,40,6.35,IN,1713243781
191,oumache,34.6929,5.6809,66.0,50,8,21.27,DZ,1713244009
192,bismarck,46.8083,-100.7837,49.86,64,100,17.27,US,1713243784
193,adrar,20.5022,-10.0711,71.56,19,0,8.05,MR,1713244009
194,tughyl,47.7252,84.2063,47.59,70,100,4.27,KZ,1713243909
195,inhambane,-23.865,35.3833,67.98,88,40,0.0,MZ,1713244009
196,santa terezinha,-29.9002,-50.0904,73.58,95,100,17.69,BR,1713244009
197,nar'yan-mar,67.6713,53.087,18.1,95,100,15.99,RU,1713244009
198,muana,-1.5283,-49.2167,75.0,97,100,2.01,BR,1713243950
199,tazovsky,67.4667,78.7,23.0,95,100,17.92,RU,1713243775
200,kavieng,-2.5744,150.7967,84.83,73,21,4.18,PG,1713243756
201,itubera,-13.7322,-39.1492,72.82,97,78,2.89,BR,1713244011
202,ekibastuz,51.6667,75.3667,47.52,56,100,1.45,KZ,1713243838
203,port alfred,-33.5906,26.891,69.31,89,11,19.35,ZA,1713243756
204,christchurch,-43.5333,172.6333,64.47,65,8,11.5,NZ,1713243952
205,edd,13.9297,41.6925,83.05,67,56,11.34,ER,1713244011
206,kribi,2.95,9.9167,80.38,88,91,3.42,CM,1713244011
207,waddan,29.1614,16.139,78.85,21,62,14.99,LY,1713244011
208,whitecourt,54.1502,-115.6855,40.24,38,20,2.3,CA,1713243745
209,funafuti,-8.5243,179.1942,81.61,81,100,9.55,TV,1713244011
210,remire-montjoly,4.9167,-52.2667,82.44,83,75,11.5,GF,1713243774
211,colonia,50.9333,6.95,43.03,79,100,21.85,DE,1713243756
212,moose jaw,50.4001,-105.5344,55.26,48,99,19.64,CA,1713244011
213,margaret river,-33.95,115.0667,75.22,51,0,11.41,AU,1713243740
214,veinticinco de mayo,-35.4323,-60.1727,64.98,100,98,11.01,AR,1713244011
215,utrik,11.2278,169.8474,81.03,83,54,17.83,MH,1713243731
216,kemijarvi,66.7131,27.4306,27.39,93,100,10.45,FI,1713244012
217,amble,55.3333,-1.5833,46.54,71,75,19.57,GB,1713244012
218,villiers,-27.0303,28.6006,50.45,87,3,5.59,ZA,1713244012
219,svetlyy yar,48.4748,44.781,56.8,66,100,19.55,RU,1713244012
220,kasongo-lunda,-6.4667,16.8167,71.46,98,91,1.7,CD,1713243739
221,novodvinsk,64.4165,40.8122,36.79,100,100,3.42,RU,1713243746
222,sitka,57.0531,-135.33,40.93,70,1,3.74,US,1713243743
223,akureyri,65.6835,-18.0878,16.27,94,91,4.27,IS,1713244012
224,kingston,17.997,-76.7936,81.55,74,20,3.44,JM,1713243851
225,dokshytsy,54.8924,27.7689,39.6,74,70,4.76,BY,1713244012
226,tanumah,27.1,44.1333,64.26,55,84,14.88,SA,1713244012
227,pacasmayo,-7.4006,-79.5714,70.32,80,50,10.89,PE,1713244012
228,zelenogorskiy,55.0333,87.0,40.05,55,58,2.98,RU,1713244012
229,luanda,-8.8368,13.2343,80.6,91,75,6.91,AO,1713243748
230,boca do acre,-8.7522,-67.3978,72.82,99,100,1.97,BR,1713243728
231,caxito,-8.5785,13.6643,75.63,98,99,3.29,AO,1713243858
232,berezovyy,51.6667,135.7,48.51,79,100,1.41,RU,1713244013
233,huarmey,-10.0681,-78.1522,70.29,88,31,10.22,PE,1713243770
234,las tablas,7.7667,-80.2833,77.18,99,94,13.29,PA,1713243912
235,chonchi,-42.6128,-73.8092,56.12,90,100,4.14,CL,1713243749
236,fisterra,42.9049,-9.2629,54.75,76,14,21.07,ES,1713244013
237,greymouth,-42.4667,171.2,56.84,79,70,2.48,NZ,1713244013
238,kongsvinger,60.1905,11.9977,31.46,82,30,5.19,NO,1713244011
239,kidal,18.4411,1.4078,70.3,21,100,13.58,ML,1713243759
240,oriximina,-1.7656,-55.8661,76.1,96,98,3.94,BR,1713244013
241,sabang,5.8933,95.3214,84.31,75,86,8.72,ID,1713244013
242,angaur state,6.906,134.13,82.94,79,100,13.11,PW,1713244013
243,roccella ionica,38.322,16.4009,66.74,64,100,10.13,IT,1713244014
244,konin,52.2234,18.2512,40.89,75,78,20.96,PL,1713243983
245,taltal,-25.4,-70.4833,63.99,63,0,2.1,CL,1713244014
246,den burg,53.0542,4.7972,48.18,84,75,23.02,NL,1713244014
247,magadan,59.5667,150.8,25.54,77,100,1.74,RU,1713243730
248,sirvintos,55.05,24.95,39.63,71,82,7.9,LT,1713244014
249,ylitornio,66.3089,23.6773,28.96,90,100,10.36,FI,1713244014
250,guerrero negro,27.9769,-114.0611,59.94,77,80,16.62,MX,1713244014
251,bastia,42.6667,9.3333,66.02,60,0,5.75,FR,1713244014
252,tekeli,44.83,78.8239,48.4,100,100,8.9,KZ,1713244014
253,yigo village,13.5361,144.8886,87.12,70,75,13.8,GU,1713244014
254,saipan,15.1355,145.701,80.71,78,43,11.03,MP,1713243744
255,tarakan,3.3,117.6333,89.1,70,40,5.75,ID,1713243864
256,hobyo,5.3505,48.5268,86.72,71,69,12.12,SO,1713244015
257,rathenow,52.6066,12.337,42.12,92,100,13.15,DE,1713244015
258,kodinsk,58.6881,99.1844,25.45,69,100,12.84,RU,1713243963
259,aasiaat,68.7098,-52.8699,-2.85,98,36,8.86,GL,1713244015
260,yaren,-0.5472,166.916,83.12,72,99,9.1,NR,1713244015
261,antofagasta,-23.65,-70.4,61.88,66,0,10.31,CL,1713243811
262,azacualpa,15.3433,-88.5514,71.06,100,62,1.34,HN,1713244015
263,kone,-21.0595,164.8658,78.51,63,99,5.37,NC,1713244015
264,flin flon,54.7682,-101.865,39.87,65,100,11.61,CA,1713243748
265,vadso,70.0744,29.7487,29.28,80,75,20.71,NO,1713244015
266,qashyr,53.0675,76.1036,42.91,51,4,4.0,KZ,1713244015
267,dzilam gonzalez,21.2833,-88.9333,74.88,70,9,7.45,MX,1713244016
268,as sulayyil,20.4607,45.5779,75.45,33,16,16.15,SA,1713243737
269,faya-largeau,17.9257,19.1043,79.21,12,87,13.04,TD,1713244016
270,launceston,-41.45,147.1667,64.15,42,40,3.44,AU,1713244016
271,hinton,53.4001,-117.5857,29.35,94,100,4.34,CA,1713244016
272,zhezqazghan,47.7833,67.7667,55.98,47,0,2.24,KZ,1713243842
273,chibougamau,49.9168,-74.3659,28.02,80,100,6.91,CA,1713243726
274,al kharijah,25.4514,30.5464,70.83,29,42,7.99,EG,1713244016
275,vorgashor,67.5833,63.95,28.8,95,100,10.36,RU,1713243746
276,tongchuanshi,35.0806,109.0897,65.8,26,96,8.37,CN,1713244016
277,gemena,3.25,19.7667,74.01,94,96,2.24,CD,1713244016
278,gadzhiyevo,69.2551,33.3362,26.73,66,99,21.79,RU,1713243742
279,peace river,56.2501,-117.286,37.83,93,88,14.27,CA,1713244016
280,georgetown,5.4112,100.3354,90.95,89,40,5.75,MY,1713244016
281,natal,-5.795,-35.2094,80.82,94,20,4.61,BR,1713243790
282,nadym,65.5333,72.5167,28.96,85,91,19.55,RU,1713244017
283,at taj,24.2049,23.2857,68.72,19,25,9.01,LY,1713244017
284,isla vista,34.4133,-119.861,60.3,80,0,3.44,US,1713243805
285,xudat,41.631,48.681,66.61,44,7,4.34,AZ,1713244017
286,walvis bay,-22.9575,14.5053,60.48,58,4,9.08,NA,1713243747
287,port elizabeth,-33.918,25.5701,65.1,98,8,3.0,ZA,1713244017
288,myaydo,19.3667,95.2167,105.46,15,0,7.99,MM,1713244017
289,emerald,-23.5333,148.1667,88.34,38,16,12.33,AU,1713244017
290,saint-philippe,-21.3585,55.7679,76.59,84,100,13.89,RE,1713244017
291,sao vicente,-23.9631,-46.3919,80.78,26,93,1.23,BR,1713243750
292,kattivakkam,13.2167,80.3167,93.13,53,68,11.5,IN,1713244018
293,ribeira grande,38.5167,-28.7,59.77,93,100,5.99,PT,1713244018
294,cururupu,-1.8283,-44.8683,74.21,99,89,0.36,BR,1713243797
295,sabha,27.0377,14.4283,69.58,25,35,15.14,LY,1713244018
296,khanty-mansiysk,61.0042,69.0019,37.51,48,0,11.18,RU,1713243929
297,san luis de la loma,17.2706,-100.8939,78.89,68,73,6.46,MX,1713244018
298,pacific grove,36.6177,-121.9166,54.7,86,40,4.61,US,1713243764
299,petropavlovsk-kamchatsky,53.0452,158.6483,37.99,94,75,8.95,RU,1713243920
300,queenstown,-31.8976,26.8753,52.14,92,37,1.68,ZA,1713244018
301,pangody,65.85,74.4859,28.2,87,99,19.71,RU,1713244018
302,santana,-0.0583,-51.1817,75.74,97,99,3.18,BR,1713244018
303,olyokminsk,60.3736,120.4264,42.84,67,93,8.93,RU,1713244018
304,laojunmiao,39.8333,97.7333,65.05,9,31,15.86,CN,1713244019
305,kisangani,0.5167,25.2,72.28,99,100,2.13,CD,1713243788
306,dwarka,22.2394,68.9678,85.55,56,74,11.83,IN,1713244019
307,saint-leu,-21.15,55.2833,79.63,83,97,14.7,RE,1713243851
308,luganville,-15.5333,167.1667,80.76,88,99,12.44,VU,1713244019
309,houmt el souk,33.8758,10.8575,64.35,88,15,9.22,TN,1713244019
310,essaouira,31.5125,-9.77,65.39,63,74,17.52,MA,1713244019
311,yuzhno-kurilsk,44.0306,145.8556,51.37,76,40,10.18,RU,1713244019
312,saint-pierre,-21.3393,55.4781,76.68,88,40,20.71,RE,1713243788
313,assab,13.0092,42.7394,82.58,80,66,13.11,ER,1713244019
314,portrush,55.1959,-6.6493,44.47,75,57,18.14,GB,1713244019
315,prado,-17.3411,-39.2208,77.16,82,50,9.46,BR,1713244019
316,nizao,18.25,-70.2,75.47,90,100,9.51,DO,1713244020
317,midvagur,62.0511,-7.1939,34.63,86,75,20.71,FO,1713244020
318,kismayo,-0.3582,42.5454,83.44,75,88,13.56,SO,1713244020
319,st. paul,44.9444,-93.0933,61.32,29,0,12.66,US,1713243872
320,aykhal,66.0,111.5,31.12,99,100,2.3,RU,1713243874
321,palangkaraya,-2.2,113.8333,92.57,58,30,0.43,ID,1713243782
322,curitibanos,-27.2828,-50.5844,65.05,99,100,5.59,BR,1713244003
323,tsiombe,-25.3,45.4833,72.93,71,80,15.84,MG,1713244020
324,hirara,24.8,125.2833,78.98,80,5,5.06,JP,1713244020
325,nova vicosa,-17.8919,-39.3719,78.64,75,31,12.73,BR,1713243788
326,nyurba,63.2842,118.3319,33.48,100,100,5.88,RU,1713244020
327,maebashi,36.3911,139.0608,74.08,35,80,6.35,JP,1713243855
328,puerto baquerizo moreno,-0.9,-89.6,75.51,90,89,7.67,EC,1713244021
329,port augusta,-32.5,137.7667,74.21,40,0,15.46,AU,1713243752
330,kolonia,50.9333,6.95,43.03,79,100,21.85,DE,1713244011
331,dryden,49.7833,-92.7503,35.64,83,98,6.89,CA,1713244021
332,ulety,51.3572,112.4849,61.45,38,45,7.31,RU,1713244021
333,kefamenanu,-9.4467,124.4781,82.18,72,58,10.45,ID,1713244021
334,horta,38.5333,-28.6333,59.02,93,100,4.0,PT,1713243759
335,pyapon,16.2833,95.6833,103.26,19,2,5.77,MM,1713244021
336,ta`u,-14.2336,-169.5144,83.82,79,98,15.43,AS,1713243752
337,el granada,37.5027,-122.4694,57.34,84,0,13.8,US,1713244021
338,olinda,-8.0089,-34.8553,82.13,89,75,11.5,BR,1713243753
339,saurimo,-9.6608,20.3916,65.37,99,65,3.94,AO,1713244021
340,hammerfest,70.6634,23.6821,28.85,80,75,13.8,NO,1713244021
341,klyuchi,52.2667,79.1667,45.03,50,9,6.98,RU,1713244021
342,praia da vitoria,38.7333,-27.0667,62.76,96,100,20.98,PT,1713244022
343,molde,62.7375,7.1591,35.71,86,0,6.91,NO,1713244022
344,beidaihehaibin,39.8222,119.5181,62.47,33,0,11.95,CN,1713243920
345,brisas de zicatela,15.8369,-97.0419,81.91,71,91,7.23,MX,1713244022
346,ulaangom,49.9811,92.0667,50.02,47,75,4.14,MN,1713244022
347,dakhla,23.6848,-15.958,70.75,47,0,10.38,EH,1713244022
348,anse a galets,18.8317,-72.8642,80.35,78,0,3.91,HT,1713244022
349,vaxjo,56.8777,14.8091,39.25,98,0,3.44,SE,1713244022
350,parral,26.9333,-105.6667,69.6,20,100,14.72,MX,1713244022
351,kotka,60.4664,26.9458,40.32,94,100,6.4,FI,1713244022
352,arauca,7.0847,-70.7591,84.16,61,0,3.89,CO,1713244022
353,ballina,-28.8667,153.5667,82.78,61,63,11.83,AU,1713244023
354,taoudenni,22.6783,-3.9836,73.62,22,0,4.99,ML,1713244023
355,belyy yar,53.6039,91.3903,42.69,52,75,8.95,RU,1713243758
356,yermentau,51.6214,73.1069,48.11,51,37,2.13,KZ,1713244023
357,marsa alam,25.0757,34.8918,75.04,57,5,15.46,EG,1713243865
358,jaguarari,-10.2639,-40.1958,67.33,99,72,5.75,BR,1713244023
359,suomussalmi,64.8869,28.9078,29.55,90,99,10.2,FI,1713244023
360,kapa'a,22.0752,-159.319,76.98,80,19,5.99,US,1713243738
361,pirae,-17.5167,-149.5333,84.22,70,75,5.99,PF,1713244023
362,la junta,37.985,-103.5438,48.49,23,0,10.36,US,1713244023
363,weno,7.4515,151.8468,80.55,89,100,3.44,FM,1713244023
364,ocean city,39.2776,-74.5746,62.85,76,19,5.01,US,1713243850
365,al burayqah,30.4062,19.5739,72.19,32,51,13.58,LY,1713244023
366,san marcos,33.1434,-117.1661,57.65,86,1,1.99,US,1713243635
367,cockburn town,21.4612,-71.1419,78.28,78,4,19.13,TC,1713244023
368,zapolyarnyy,69.4154,30.8136,27.68,80,97,15.59,RU,1713243986
369,iwanai,42.9744,140.5089,66.31,46,98,6.31,JP,1713243905
370,cartagena,10.3997,-75.5144,80.22,83,40,11.5,CO,1713244024
371,nuuk,64.1835,-51.7216,34.41,100,100,2.3,GL,1713243840
372,selfoss,63.9331,-20.9971,30.0,64,9,6.67,IS,1713244024
373,rongelap,11.1635,166.8941,81.68,81,94,17.22,MH,1713244024
374,plymouth,41.8334,-70.8328,53.51,88,0,4.54,US,1713243525
375,playa vicente,17.8333,-95.8167,80.08,62,29,3.49,MX,1713244024
376,serenje,-13.2325,30.2352,58.35,91,27,7.7,ZM,1713244024
377,ulladulla,-35.35,150.4667,73.76,77,21,7.29,AU,1713244024
378,mutuali,-14.8706,37.0044,66.4,82,61,2.44,MZ,1713244024
379,la passe,45.5549,-0.8967,50.23,64,100,14.41,FR,1713243738
380,heunghae,36.1125,129.3522,72.36,43,33,11.5,KR,1713244024
381,puerto deseado,-47.7503,-65.8938,56.8,93,100,20.58,AR,1713244025
382,rouissat,31.9243,5.3502,61.74,71,0,7.74,DZ,1713244025
383,springhill,33.006,-93.4668,70.03,75,100,9.98,US,1713244025
384,shendi,16.6915,33.4341,77.54,12,7,12.33,SD,1713244025
385,minas de marcona,-15.2119,-75.1103,60.26,92,91,11.99,PE,1713244025
386,yoloten,37.2989,62.3597,64.35,43,3,4.12,TM,1713244025
387,tidjikja,18.5564,-11.4271,74.1,18,0,11.23,MR,1713243740
388,siguiri,11.6667,-9.5,78.15,14,4,3.8,GN,1713244025
389,rauma,61.1272,21.5113,37.44,92,54,6.49,FI,1713244025
390,parabel',58.6978,81.4825,21.9,77,9,3.0,RU,1713244025
391,tofol,5.3248,163.0078,83.88,76,54,10.33,FM,1713244025
392,misratah,32.3754,15.0925,66.07,74,100,4.9,LY,1713244025
393,grand falls-windsor,48.9332,-55.6649,44.51,92,100,3.0,CA,1713244026
394,arno,60.1167,18.6333,34.79,99,100,8.39,SE,1713244026
395,palikir - national government center,6.9248,158.1611,88.65,70,40,10.36,FM,1713243777
396,priozersk,61.0393,30.1291,42.1,84,100,6.35,RU,1713244026
397,vesele,47.0148,34.915,64.22,52,30,20.04,UA,1713244026
398,scottburgh,-30.2867,30.7532,68.59,91,100,5.37,ZA,1713244026
399,progreso,21.2833,-89.6667,80.71,71,22,14.03,MX,1713244026
400,okahandja,-21.9833,16.9167,59.11,36,5,0.45,NA,1713244026
401,rawah,34.4816,41.9093,74.12,40,2,6.22,IQ,1713244026
402,edna,28.9786,-96.6461,74.1,93,100,14.29,US,1713244026
403,huanren,41.2647,125.3667,63.12,36,28,7.16,CN,1713243921
404,kununurra,-15.7667,128.7333,93.18,36,75,12.66,AU,1713244026
405,shimokizukuri,40.8061,140.3861,68.52,61,100,4.16,JP,1713244027
406,necochea,-38.5473,-58.7368,70.5,94,100,20.29,AR,1713244027
407,changtu,42.7788,124.0955,61.52,40,4,12.17,CN,1713244027
408,gracemere,-23.4333,150.45,82.31,47,5,9.22,AU,1713244027
409,east london,-33.0153,27.9116,65.34,88,0,4.61,ZA,1713243760
410,st. john's,47.5649,-52.7093,49.68,93,94,1.99,CA,1713244027
411,pitimbu,-7.4706,-34.8086,79.52,87,59,7.58,BR,1713244001
412,wagar,16.1525,36.2032,77.79,37,53,10.56,SD,1713244027
413,lucrezia,43.7745,12.9402,62.55,51,4,1.45,IT,1713244027
414,pontianak,-0.0333,109.3333,89.58,70,75,8.05,ID,1713243906
415,tynda,55.1667,124.7167,36.81,81,6,4.07,RU,1713244027
416,princeton,25.5384,-80.4089,74.01,70,20,4.61,US,1713244027
417,kedainiai,55.2883,23.9747,39.49,75,84,7.52,LT,1713244027
418,mila,36.4503,6.2644,52.59,92,47,4.12,DZ,1713244028
419,patin-ay,8.5506,125.9372,93.78,47,27,9.62,PH,1713244028
420,karangampel,-6.4622,108.4519,87.19,66,100,10.11,ID,1713244028
421,nabire,-3.3667,135.4833,84.52,72,85,5.06,ID,1713243857
422,amarante do maranhao,-5.5667,-46.7422,73.17,98,35,2.44,BR,1713244028
423,dobrich,43.5667,27.8333,69.48,50,32,9.69,BG,1713244028
424,ustyuzhna,58.8394,36.4321,40.3,80,91,13.09,RU,1713244028
425,cooma,-36.2333,149.1333,63.84,24,8,1.99,AU,1713243864
426,mossel bay,-34.1831,22.146,60.73,92,23,4.41,ZA,1713244028
427,broken hill,-31.95,141.4333,74.55,25,0,8.08,AU,1713243785
428,ar rutbah,33.0381,40.2848,66.02,56,7,7.2,IQ,1713243776
429,el calafate,-50.3408,-72.2768,48.88,56,100,3.83,AR,1713243748
430,along,28.1667,94.7667,87.84,32,52,0.56,IN,1713243875
431,terbanggi besar,-4.8667,105.2333,90.18,59,70,5.01,ID,1713244029
432,polyarnyy,69.1989,33.4478,26.26,67,98,20.98,RU,1713243762
433,gamba,-2.65,10.0,78.53,93,87,4.94,GA,1713244029
434,toamasina,-18.1667,49.3833,77.14,88,100,10.74,MG,1713244029
435,taza,34.25,-3.75,61.88,37,0,1.19,MA,1713244029
436,hotaka,36.3396,137.8825,65.71,51,71,9.19,JP,1713244029
437,dmitrov,56.35,37.5167,42.15,90,100,11.52,RU,1713244029
438,borogontsy,62.6683,131.1683,29.39,84,58,4.9,RU,1713244029
439,fort bragg,35.139,-79.006,73.13,57,0,5.75,US,1713244029
440,kiruna,67.8557,20.2251,25.72,93,100,8.05,SE,1713244029
441,deux-montagnes,45.5346,-73.9017,46.47,88,40,9.22,CA,1713243921
442,tobruk,32.0836,23.9764,66.33,54,96,11.03,LY,1713244029
443,codrington,-38.2667,141.9667,57.74,78,100,7.83,AU,1713243730
444,flying fish cove,-10.4217,105.6791,85.68,79,100,11.5,CX,1713244030
445,saint-francois,46.4154,3.9054,42.24,88,100,3.44,FR,1713244030
446,mejit,10.2753,170.8646,81.1,82,27,18.61,MH,1713243782
447,ilha de mocambique,-15.0342,40.7358,79.68,73,97,14.5,MZ,1713244030
448,narayangarh,30.4833,77.1333,91.67,27,60,8.63,IN,1713244030
449,gaigeturi,33.4644,126.3183,63.14,72,0,7.4,KR,1713244030
450,bodaybo,57.8506,114.1933,41.25,97,100,3.85,RU,1713243878
451,island harbour,50.724,-1.2758,47.93,82,93,7.0,GB,1713244030
452,sokoni,-6.4333,39.55,77.74,83,100,16.02,TZ,1713244030
453,njombe,-9.3333,34.7667,56.61,93,100,7.47,TZ,1713244030
454,torghay,49.6339,63.4981,54.81,65,41,14.14,KZ,1713244030
455,khandyga,62.6667,135.6,29.79,76,76,2.33,RU,1713243736
456,fuli,46.7217,131.1394,66.38,48,100,11.83,CN,1713243822
457,kiffa,16.6166,-11.4045,76.14,18,0,9.53,MR,1713244031
458,ngereklmadel,7.4883,134.4856,86.09,74,75,11.5,PW,1713244031
459,callao,-12.0667,-77.15,71.73,83,75,14.97,PE,1713243740
460,bodo,67.28,14.405,33.78,82,0,4.61,NO,1713244031
461,oban,56.4127,-5.4706,40.37,74,82,10.83,GB,1713244031
462,nova olimpia,-14.7972,-57.2881,74.98,93,100,3.22,BR,1713243798
463,lusambo,-4.9667,23.45,72.3,94,54,1.48,CD,1713244031
464,richards bay,-28.783,32.0377,67.03,88,94,6.22,ZA,1713244031
465,port douglas,-16.4833,145.4667,78.89,88,98,17.29,AU,1713243760
466,tondano,1.3038,124.9112,86.09,51,29,1.34,ID,1713243865
467,warrnambool,-38.3833,142.4833,57.42,81,100,5.53,AU,1713244031
468,naliya,23.2667,68.8333,93.22,29,76,9.35,IN,1713244031
469,kharan,28.5833,65.4167,74.93,25,100,12.66,PK,1713243951
470,castillos,-34.1667,-53.8333,71.17,98,100,9.33,UY,1713243769
471,el idrissia,34.4454,2.5275,48.02,78,2,11.32,DZ,1713244032
472,palmer,42.1584,-72.3287,53.15,69,0,0.0,US,1713243852
473,san ignacio,17.1561,-89.0714,77.14,83,0,6.91,BZ,1713244032
474,kindu,-2.95,25.95,72.0,87,97,1.45,CD,1713244032
475,chos malal,-37.3781,-70.2709,53.01,62,77,15.05,AR,1713244032
476,santo antonio do ica,-3.1022,-67.9397,77.11,93,100,2.24,BR,1713244032
477,bamboo flat,11.7,92.7167,90.12,55,11,6.46,IN,1713243767
478,ebon,4.582,168.6964,83.71,76,19,9.22,MH,1713244032
479,belomorsk,64.5232,34.7668,28.9,91,100,15.73,RU,1713244032
480,freetown,8.484,-13.2299,80.31,78,20,5.75,SL,1713243792
481,tazacorte,28.629,-17.9293,65.37,59,0,8.05,ES,1713244032
482,ambon,-3.6954,128.1814,87.94,74,20,6.91,ID,1713243763
483,constitucion,-35.3333,-72.4167,55.4,90,74,6.51,CL,1713244033
484,fallon,39.4735,-118.7774,51.67,54,20,0.0,US,1713244033
485,sovetskiy,61.3614,63.5842,35.89,86,98,11.99,RU,1713244033
486,taroa,8.7058,171.2275,81.97,80,20,14.34,MH,1713244033
487,kualakapuas,-3.0091,114.3876,88.92,67,26,4.12,ID,1713244033
488,tangalle,6.024,80.7911,86.16,67,97,8.97,LK,1713244033
489,saint-flour,45.0833,3.0,35.89,85,98,7.99,FR,1713244033
490,kourou,5.1552,-52.6478,80.65,90,99,8.12,GF,1713244033
491,mugia,43.1041,-9.2179,54.91,79,52,20.54,ES,1713243763
492,sao jose da coroa grande,-8.8978,-35.1478,78.94,88,98,5.28,BR,1713243775
493,kharp,66.8014,65.8081,28.71,98,100,7.76,RU,1713244033
494,masindi port,1.6961,32.0861,68.45,94,100,3.69,UG,1713244033
495,ulsan,35.5372,129.3167,73.56,48,18,10.76,KR,1713243918
496,porbandar,21.6422,69.6093,90.97,40,58,9.91,IN,1713244034
497,happy valley-goose bay,53.3168,-60.3315,37.71,70,40,5.75,CA,1713243779
498,olhao,37.0286,-7.8411,68.29,70,0,3.44,PT,1713244034
499,caconda,-13.7333,15.0667,59.23,88,60,4.09,AO,1713243975
500,yamethin,20.4333,96.15,102.65,22,13,13.24,MM,1713243881
501,acarau,-2.8856,-40.12,78.3,88,26,6.22,BR,1713244034
502,middletown,39.5151,-84.3983,65.7,74,100,6.91,US,1713243782
503,touros,-5.1989,-35.4608,78.24,91,73,7.36,BR,1713244034
504,griffith,41.5284,-87.4237,59.27,53,0,8.05,US,1713244034
505,carahue,-38.7,-73.1667,53.49,88,69,2.33,CL,1713243814
506,vilyuysk,63.7553,121.6247,28.99,87,97,11.01,RU,1713243765
507,balakhta,55.38,91.6,37.11,50,77,7.67,RU,1713244034
508,karratha,-20.7377,116.8463,91.4,40,15,7.52,AU,1713244035
509,axim,4.8699,-2.2405,80.6,87,63,5.01,GH,1713244035
510,malvan,16.0667,73.4667,86.63,73,99,8.88,IN,1713243750
511,coueron,47.2151,-1.7217,47.88,85,0,6.91,FR,1713243770
512,nagqu,31.5,92.0,46.04,30,100,10.54,CN,1713243774
513,nandura buzurg,20.8333,76.45,101.84,23,17,6.24,IN,1713244035
514,talitsa,56.8804,60.0213,39.74,79,100,10.83,RU,1713243812
515,mazagao,-0.115,-51.2894,78.85,99,99,2.06,BR,1713243941
516,divo,5.8397,-5.36,75.83,99,82,1.74,CI,1713244035
517,sinop,41.7711,34.8709,61.68,50,98,12.48,TR,1713243768
518,yung shue wan,22.2333,114.1167,87.22,69,66,10.56,HK,1713244035
519,fada,9.5667,8.3,76.59,61,86,0.81,NG,1713244035
520,kalmunai,7.4167,81.8167,86.29,70,100,5.95,LK,1713243756
521,fuyuan,46.4333,127.0833,48.88,75,100,11.95,CN,1713244035
522,thinadhoo,0.5333,72.9333,84.54,73,97,6.91,MV,1713244036
523,formosa do rio preto,-11.0483,-45.1931,74.14,71,85,2.46,BR,1713243793
524,la ronge,55.1001,-105.2842,44.85,57,100,14.97,CA,1713243743
525,bokhan,53.153,103.7714,46.67,58,100,14.56,RU,1713244036
526,merizo village,13.2658,144.6691,88.36,84,94,11.25,GU,1713244036
527,andergrove,-21.0833,149.1833,84.65,68,74,14.61,AU,1713244036
528,tshabong,-26.05,22.45,62.91,72,0,15.3,BW,1713244036
529,lethem,3.3803,-59.7968,83.61,63,62,13.27,GY,1713244036
530,iron river,46.0927,-88.6423,30.96,84,65,4.0,US,1713243761
531,perevolotskiy,51.8763,54.1938,54.45,61,100,13.76,RU,1713244036
532,hadibu,12.65,54.0333,83.66,67,69,7.92,YE,1713244037
533,desna,50.9273,30.7605,49.87,89,100,4.09,UA,1713244037
534,brokopondo,4.75,-55.1667,77.95,89,83,9.31,SR,1713244037
535,kongolo,-5.3833,27.0,70.43,96,99,2.95,CD,1713243786
536,san juan del sur,11.2529,-85.8705,78.8,78,19,19.75,NI,1713243780
537,nsanje,-16.92,35.262,67.62,91,23,2.86,MW,1713244037
538,tucumcari,35.1717,-103.725,55.94,16,0,17.27,US,1713244037
539,homer,59.6425,-151.5483,39.07,74,0,12.66,US,1713244037
540,barra de santo antonio,-9.4047,-35.5072,79.12,86,100,6.08,BR,1713244037
541,shimoda,34.6667,138.95,71.96,68,61,12.19,JP,1713243926
542,fredericton,45.9454,-66.6656,36.01,90,13,2.26,CA,1713244037
543,rio grande,-32.035,-52.0986,72.43,97,100,20.54,BR,1713244035
544,itoman,26.1247,127.6694,80.98,90,75,8.05,JP,1713243904
545,outjo,-20.1167,16.15,63.1,46,55,3.56,NA,1713244037
546,yulinshi,38.2906,109.7494,63.37,15,97,4.81,CN,1713243783
547,claveria,18.6074,121.0832,88.47,62,0,13.11,PH,1713243925
548,villa la angostura,-40.7617,-71.6463,47.41,98,99,6.96,AR,1713244038
549,mata-utu,-13.2816,-176.1745,84.85,77,73,15.64,WF,1713243767
550,dawson creek,55.7666,-120.2362,31.64,86,100,13.8,CA,1713244038
551,cidreira,-30.1811,-50.2056,73.58,95,100,19.44,BR,1713244038
552,cudillero,43.5622,-6.1459,53.65,80,75,8.05,ES,1713244038
553,cidade velha,14.9167,-23.6167,81.07,26,7,9.22,CV,1713244038
554,kuanda,56.3161,116.0806,42.6,51,96,2.33,RU,1713244038
555,nizhneangarsk,55.7833,109.55,33.01,99,100,4.0,RU,1713243952
556,alofi,-19.0595,-169.9187,82.29,83,75,9.22,NU,1713244038
557,berber,18.0216,33.983,75.43,24,15,12.01,SD,1713244038
558,papao,-17.75,-149.55,83.88,82,100,20.36,PF,1713244039
559,vernon,50.2581,-119.2691,50.61,34,20,8.05,CA,1713243859
560,farafangana,-22.8167,47.8333,72.81,85,100,6.46,MG,1713244039
561,kaka,37.3482,59.6143,69.71,32,18,6.73,TM,1713244039
562,farap,39.1704,63.6116,64.4,59,0,9.22,TM,1713244039
563,kenai,60.5544,-151.2583,37.49,68,0,6.91,US,1713244039
564,saynshand,44.8824,110.1163,63.16,14,96,17.45,MN,1713244039
565,karkira,36.9292,6.5856,57.85,90,27,9.33,DZ,1713244039
566,ghat,24.9647,10.1728,62.8,30,0,5.37,LY,1713244039
567,puno,-15.8333,-70.0333,38.21,58,1,4.81,PE,1713244000
